{"cameraMode":{"drawMode":0,"name":"Shaded","section":"Shading Mode"},"sceneLighting":true,"audioPlay":false,"sceneViewState":{"m_AlwaysRefresh":false,"showFog":true,"showSkybox":true,"showFlares":true,"showImageEffects":true,"showParticleSystems":true,"showVisualEffectGraphs":true,"m_FxEnabled":true},"in2DMode":false,"pivot":{"x":41.5665283203125,"y":6.872908592224121,"z":-38.71177291870117},"rotation":{"x":0.3567686080932617,"y":-0.0050470042042434219,"z":0.0019181860843673349,"w":0.934215784072876},"size":3.011052131652832,"orthographic":false}