{"cameraMode":{"drawMode":0,"name":"Shaded","section":"Shading Mode"},"sceneLighting":true,"audioPlay":false,"sceneViewState":{"m_AlwaysRefresh":false,"showFog":true,"showSkybox":true,"showFlares":true,"showImageEffects":true,"showParticleSystems":true,"showVisualEffectGraphs":true,"m_FxEnabled":true},"in2DMode":false,"pivot":{"x":-0.9079402685165405,"y":2.270348310470581,"z":-5.916467189788818},"rotation":{"x":0.22010940313339234,"y":-0.02487151138484478,"z":0.005614005494862795,"w":0.9751418828964233},"size":12.12435531616211,"orthographic":false}